iter	Logloss
0	0.6887418803
100	0.6076664829
200	0.5995108308
299	0.595486624
