iter	Logloss
0	0.6886400388
100	0.6078725973
200	0.5997481181
299	0.5950106765
