iter	Logloss
0	0.6888057468
100	0.6076592115
200	0.5992868955
299	0.594932925
